ID;Year;Country;Continent;Population ;GDP (USD);CDEAO_members
1;2000;Uganda;East Africa;23303189;6193246837.1;KO
2;2001;Uganda;East Africa;24022603;5840503868.57;KO
3;2002;Uganda;East Africa;24781316;5840503868.57;KO
4;2003;Uganda;East Africa;25577246;6606884273.85;KO
5;2004;Uganda;East Africa;26403221;7939487548.41;KO
6;2005;Uganda;East Africa;27256493;9239221760.48;KO
7;2006;Uganda;East Africa;28131677;9977647685.29;KO
8;2007;Uganda;East Africa;29032665;11902564496.69;KO
9;2008;Uganda;East Africa;29961618;14440404136.57;KO
10;2009;Uganda;East Africa;30925440;25127805566.45;KO
11;2010;Uganda;East Africa;31923810;26673441432.46;KO
12;2011;Uganda;East Africa;32956777;27871725245.17;KO
13;2012;Uganda;East Africa;34020692;27305915907.99;KO
14;2013;Uganda;East Africa;35131277;28915786520.39;KO
15;2014;Uganda;East Africa;36308026;32612397253.24;KO
16;2015;Uganda;East Africa;37573888;32387183733.02;KO
17;2016;Uganda;East Africa;38941200;29203988697.46;KO
18;2017;Uganda;East Africa;40414116;30744473839.74;KO
19;2018;Uganda;East Africa;41954231;32927025621.38;KO
20;2019;Uganda;East Africa;43505641;35348155092.29;KO
21;2020;Uganda;East Africa;45009314;37605430214.35;KO
22;2021;Uganda;East Africa;46477068;40510241365.9;KO
23;2022;Uganda;East Africa;47992685;45559202048.73;KO
24;2000;Burundi;East Africa;6323307;870486065.88;KO
25;2001;Burundi;East Africa;6452811;876794723.07;KO
26;2002;Burundi;East Africa;6615566;825394519.72;KO
27;2003;Burundi;East Africa;6807482;784654423.62;KO
28;2004;Burundi;East Africa;7021032;915257323.4;KO
29;2005;Burundi;East Africa;7249231;1117113080.08;KO
30;2006;Burundi;East Africa;7487352;1273375078.45;KO
31;2007;Burundi;East Africa;7736083;1356199386.8;KO
32;2008;Burundi;East Africa;7994886;1611835856.59;KO
33;2009;Burundi;East Africa;8262998;1781455140.34;KO
34;2010;Burundi;East Africa;8537776;2032135191.46;KO
35;2011;Burundi;East Africa;8818168;2235820808.73;KO
36;2012;Burundi;East Africa;9102985;2333341334.46;KO
37;2013;Burundi;East Africa;9394356;2451606631.77;KO
38;2014;Burundi;East Africa;9693551;2705783330.39;KO
39;2015;Burundi;East Africa;10003465;3104003545.61;KO
40;2016;Burundi;East Africa;10324914;2644487777.24;KO
41;2017;Burundi;East Africa;10658899;2723586962.19;KO
42;2018;Burundi;East Africa;11002626;2667182198.98;KO
43;2019;Burundi;East Africa;11354438;2576518879.4;KO
44;2020;Burundi;East Africa;11711663;2649680261.01;KO
45;2021;Burundi;East Africa;12101544;2775798697.16;KO
46;2022;Burundi;East Africa;12504404;3073414677.84;KO
47;2000;Djibouti;East Africa;708823;551230861.86;KO
48;2001;Djibouti;East Africa;725361;572417440.82;KO
49;2002;Djibouti;East Africa;740040;591122039.6;KO
50;2003;Djibouti;East Africa;753345;622044665.52;KO
51;2004;Djibouti;East Africa;765652;666072101.78;KO
52;2005;Djibouti;East Africa;777471;708633194.73;KO
53;2006;Djibouti;East Africa;788947;768873684.03;KO
54;2007;Djibouti;East Africa;800050;847918929.11;KO
55;2008;Djibouti;East Africa;810938;999105339.27;KO
56;2009;Djibouti;East Africa;822138;1049110684.72;KO
57;2010;Djibouti;East Africa;834058;1128611700.36;KO
58;2011;Djibouti;East Africa;846988;1239144501.78;KO
59;2012;Djibouti;East Africa;860943;1353632941.52;KO
60;2013;Djibouti;East Africa;875778;2042817162.86;KO
61;2014;Djibouti;East Africa;891065;2214679081.26;KO
62;2015;Djibouti;East Africa;906415;2424391785.44;KO
63;2016;Djibouti;East Africa;921599;2604955228.7;KO
64;2017;Djibouti;East Africa;936670;2762581334.23;KO
65;2018;Djibouti;East Africa;951572;2913466732.13;KO
66;2019;Djibouti;East Africa;966300;3088853638.57;KO
67;2020;Djibouti;East Africa;980819;3181071153.66;KO
68;2021;Djibouti;East Africa;993854;3372287461.81;KO
69;2022;Djibouti;East Africa;1007062;3515109075.46;KO
70;2000;Zambia;East Africa;10279005;3600631918.51;KO
71;2001;Zambia;East Africa;10555205;4094441301.21;KO
72;2002;Zambia;East Africa;10833099;4193850445.43;KO
73;2003;Zambia;East Africa;11115393;4901869715.9;KO
74;2004;Zambia;East Africa;11404494;6221109716.4;KO
75;2005;Zambia;East Africa;11704698;8331870169.15;KO
76;2006;Zambia;East Africa;12016185;12756858899.28;KO
77;2007;Zambia;East Africa;12339592;14056957976.26;KO
78;2008;Zambia;East Africa;12676689;17910858637.9;KO
79;2009;Zambia;East Africa;13033343;15328342303.96;KO
80;2010;Zambia;East Africa;13412170;20265559483.85;KO
81;2011;Zambia;East Africa;13816307;23459515275.58;KO
82;2012;Zambia;East Africa;14245381;25503060420.03;KO
83;2013;Zambia;East Africa;14697746;28037239462.71;KO
84;2014;Zambia;East Africa;15165117;27141023558.08;KO
85;2015;Zambia;East Africa;15641552;21251216798.78;KO
86;2016;Zambia;East Africa;16122732;20958412538.31;KO
87;2017;Zambia;East Africa;16610543;25873601260.84;KO
88;2018;Zambia;East Africa;17104708;26311506435.06;KO
89;2019;Zambia;East Africa;17608467;23308667781.23;KO
90;2020;Zambia;East Africa;18123924;18110638619.37;KO
91;2021;Zambia;East Africa;18675979;22147649568.61;KO
92;2022;Zambia;East Africa;19244849;29784454055.94;KO
93;2000;Zimbabwe;East Africa;11852263;6689957600.0;KO
94;2001;Zimbabwe;East Africa;11902868;6777384700.0;KO
95;2002;Zimbabwe;East Africa;11939224;6342116400.0;KO
96;2003;Zimbabwe;East Africa;11968371;5727591800.0;KO
97;2004;Zimbabwe;East Africa;12001168;5805598400.0;KO
98;2005;Zimbabwe;East Africa;12048537;5755215200.0;KO
99;2006;Zimbabwe;East Africa;12116420;5443896500.0;KO
100;2007;Zimbabwe;East Africa;12206121;5291950100.0;KO
101;2008;Zimbabwe;East Africa;12318074;4415702800.0;KO
102;2009;Zimbabwe;East Africa;12453864;9665793300.0;KO
103;2010;Zimbabwe;East Africa;12613048;12041655200.0;KO
104;2011;Zimbabwe;East Africa;12796833;14101920300.0;KO
105;2012;Zimbabwe;East Africa;13005339;17114849900.0;KO
106;2013;Zimbabwe;East Africa;13233730;19091020000.0;KO
107;2014;Zimbabwe;East Africa;13469515;19495519600.0;KO
108;2015;Zimbabwe;East Africa;13701613;19963120600.0;KO
109;2016;Zimbabwe;East Africa;13923079;20548678100.0;KO
110;2017;Zimbabwe;East Africa;14134316;17584890936.65;KO
111;2018;Zimbabwe;East Africa;14338537;34156069918.06;KO
112;2019;Zimbabwe;East Africa;14542992;21832234925.5;KO
113;2020;Zimbabwe;East Africa;14754794;21509698406.11;KO
114;2021;Zimbabwe;East Africa;15079990;28371238665.51;KO
115;2022;Zimbabwe;East Africa;15412353;20678055597.73;KO
116;2000;Kenya;East Africa;31534026;12705350153.4;KO
117;2001;Kenya;East Africa;32410196;12986007425.88;KO
118;2002;Kenya;East Africa;33303869;13147736954.17;KO
119;2003;Kenya;East Africa;34219073;14904517649.85;KO
120;2004;Kenya;East Africa;35159637;16095337093.84;KO
121;2005;Kenya;East Africa;36134149;18737895400.78;KO
122;2006;Kenya;East Africa;37141177;25825512277.89;KO
123;2007;Kenya;East Africa;38181830;31958195182.24;KO
124;2008;Kenya;East Africa;39251926;35895153327.85;KO
125;2009;Kenya;East Africa;40351452;42347217912.92;KO
126;2010;Kenya;East Africa;41470880;45405615233.07;KO
127;2011;Kenya;East Africa;42609193;46869473165.89;KO
128;2012;Kenya;East Africa;43764053;56396704833.47;KO
129;2013;Kenya;East Africa;44936563;61671440480.69;KO
130;2014;Kenya;East Africa;46114874;68285796662.65;KO
131;2015;Kenya;East Africa;47294043;70120446663.63;KO
132;2016;Kenya;East Africa;48468140;74815143796.4;KO
133;2017;Kenya;East Africa;49641145;82036511258.83;KO
134;2018;Kenya;East Africa;50811672;92202979940.67;KO
135;2019;Kenya;East Africa;51988124;100378435824.18;KO
136;2020;Kenya;East Africa;53175905;100657505600.65;KO
137;2021;Kenya;East Africa;54585066;109703659312.87;KO
138;2022;Kenya;East Africa;56031570;113420008178.79;KO
139;2000;Union of the Comors;East Africa;535642;351136579.8;KO
140;2001;Union of the Comors;East Africa;549182;378512024.12;KO
141;2002;Union of the Comors;East Africa;562743;425964681.15;KO
142;2003;Union of the Comors;East Africa;576403;546885223.18;KO
143;2004;Union of the Comors;East Africa;590260;633706110.45;KO
144;2005;Union of the Comors;East Africa;604487;653845169.19;KO
145;2006;Union of the Comors;East Africa;619087;698431794.46;KO
146;2007;Union of the Comors;East Africa;634088;795673153.18;KO
147;2008;Union of the Comors;East Africa;649468;915659107.76;KO
148;2009;Union of the Comors;East Africa;665305;905341173.97;KO
149;2010;Union of the Comors;East Africa;681541;907978731.7;KO
150;2011;Union of the Comors;East Africa;698206;1023086272.7;KO
151;2012;Union of the Comors;East Africa;715269;1015843491.25;KO
152;2013;Union of the Comors;East Africa;732761;1116224107.17;KO
153;2014;Union of the Comors;East Africa;750524;1149587659.75;KO
154;2015;Union of the Comors;East Africa;768487;966029599.8;KO
155;2016;Union of the Comors;East Africa;786566;1012835492.52;KO
156;2017;Union of the Comors;East Africa;804819;1077439756.12;KO
157;2018;Union of the Comors;East Africa;823182;1188797449.96;KO
158;2019;Union of the Comors;East Africa;841683;1195019531.04;KO
159;2020;Union of the Comors;East Africa;860294;1225039195.94;KO
160;2021;Union of the Comors;East Africa;881070;1296089479.46;KO
161;2022;Union of the Comors;East Africa;902348;1242519407.28;KO
162;2000;Mauritius;East Africa;1180385;4663321022.23;KO
163;2001;Mauritius;East Africa;1189565;4613637222.14;KO
164;2002;Mauritius;East Africa;1197890;4841310239.64;KO
165;2003;Mauritius;East Africa;1205428;5816559038.55;KO
166;2004;Mauritius;East Africa;1212348;6578840498.67;KO
167;2005;Mauritius;East Africa;1218865;6488743119.74;KO
168;2006;Mauritius;East Africa;1225074;7028810754.78;KO
169;2007;Mauritius;East Africa;1231013;8150150144.16;KO
170;2008;Mauritius;East Africa;1236591;9990356849.29;KO
171;2009;Mauritius;East Africa;1241648;9128843109.16;KO
172;2010;Mauritius;East Africa;1245991;10003670690.35;KO
173;2011;Mauritius;East Africa;1249526;11518413429.97;KO
174;2012;Mauritius;East Africa;1252288;11668696526.23;KO
175;2013;Mauritius;East Africa;1254482;12292974007.94;KO
176;2014;Mauritius;East Africa;1256412;13074130094.37;KO
177;2015;Mauritius;East Africa;1258413;12007291045.65;KO
178;2016;Mauritius;East Africa;1260670;12594155346.3;KO
179;2017;Mauritius;East Africa;1263194;13713505998.04;KO
180;2018;Mauritius;East Africa;1265852;14735695930.97;KO
181;2019;Mauritius;East Africa;1268437;14436347115.29;KO
182;2020;Mauritius;East Africa;1270724;11401040995.99;KO
183;2021;Mauritius;East Africa;1275820;11476433603.78;KO
184;2022;Mauritius;East Africa;1280936;12898307089.13;KO
185;2000;Madagascar;East Africa;15525988;4629247204.99;KO
186;2001;Madagascar;East Africa;16015900;5438332600.53;KO
187;2002;Madagascar;East Africa;16515100;5351701664.71;KO
188;2003;Madagascar;East Africa;17024243;6372498891.38;KO
189;2004;Madagascar;East Africa;17542497;5064732625.39;KO
190;2005;Madagascar;East Africa;18072050;5859269751.64;KO
191;2006;Madagascar;East Africa;18610727;6395712491.75;KO
192;2007;Madagascar;East Africa;19159166;8524620890.88;KO
193;2008;Madagascar;East Africa;19716536;10725137721.56;KO
194;2009;Madagascar;East Africa;20285149;9616879407.59;KO
195;2010;Madagascar;East Africa;20862771;9982711338.12;KO
196;2011;Madagascar;East Africa;21450239;11551819617.63;KO
197;2012;Madagascar;East Africa;22046952;11578975063.8;KO
198;2013;Madagascar;East Africa;22656476;12423555457.04;KO
199;2014;Madagascar;East Africa;23278161;12522957401.04;KO
200;2015;Madagascar;East Africa;23914636;11323020699.91;KO
201;2016;Madagascar;East Africa;24566029;11848613859.53;KO
202;2017;Madagascar;East Africa;25235219;13176313593.55;KO
203;2018;Madagascar;East Africa;25919255;13760033282.61;KO
204;2019;Madagascar;East Africa;26618715;14104664677.96;KO
205;2020;Madagascar;East Africa;27332134;13051441203.45;KO
206;2021;Madagascar;East Africa;28093607;14554754115.21;KO
207;2022;Madagascar;East Africa;28876295;14954967604.41;KO
231;2000;Malawi;East Africa;11002342;2537307566.12;KO
232;2001;Malawi;East Africa;11291540;2498008653.14;KO
233;2002;Malawi;East Africa;11573990;5087328437.87;KO
234;2003;Malawi;East Africa;11858100;4669789300.36;KO
235;2004;Malawi;East Africa;12151834;5058726350.49;KO
236;2005;Malawi;East Africa;12465225;5320409651.48;KO
237;2006;Malawi;East Africa;12801251;5818279739.14;KO
238;2007;Malawi;East Africa;13159263;6451210219.12;KO
239;2008;Malawi;East Africa;13535908;7743617352.21;KO
240;2009;Malawi;East Africa;13929675;9009887946.82;KO
241;2010;Malawi;East Africa;14335576;10128323010.6;KO
242;2011;Malawi;East Africa;14752600;11648142958.37;KO
243;2012;Malawi;East Africa;15180249;8773203178.17;KO
244;2013;Malawi;East Africa;15619470;8031571927.62;KO
245;2014;Malawi;East Africa;16066269;8801326169.15;KO
246;2015;Malawi;East Africa;16519300;9219474373.16;KO
247;2016;Malawi;East Africa;16976536;7909868618.46;KO
248;2017;Malawi;East Africa;17439634;8943543677.19;KO
249;2018;Malawi;East Africa;17908648;9880675785.93;KO
250;2019;Malawi;East Africa;18387977;11025371147.19;KO
251;2020;Malawi;East Africa;18880721;12056108780.21;KO
252;2021;Malawi;East Africa;19458093;12602334123.76;KO
253;2022;Malawi;East Africa;20053121;13164667626.94;KO
254;2000;Mozambique;East Africa;17479329;5656473652.41;KO
255;2001;Mozambique;East Africa;17969000;5398557896.16;KO
256;2002;Mozambique;East Africa;18495244;5677013628.85;KO
257;2003;Mozambique;East Africa;19049952;6303399757.82;KO
258;2004;Mozambique;East Africa;19622406;7631106170.95;KO
259;2005;Mozambique;East Africa;20204635;8542083074.15;KO
260;2006;Mozambique;East Africa;20789426;9176896597.17;KO
261;2007;Mozambique;East Africa;21379151;10450826527.21;KO
262;2008;Mozambique;East Africa;21976606;12556173242.77;KO
263;2009;Mozambique;East Africa;22588197;11914471512.77;KO
264;2010;Mozambique;East Africa;23215760;11104649065.16;KO
265;2011;Mozambique;East Africa;23862229;14381552466.6;KO
266;2012;Mozambique;East Africa;24526931;16350813486.99;KO
267;2013;Mozambique;East Africa;25214581;16974314296.22;KO
268;2014;Mozambique;East Africa;25926453;17716091057.27;KO
269;2015;Mozambique;East Africa;26667203;15950979333.16;KO
270;2016;Mozambique;East Africa;27438118;11936993086.96;KO
271;2017;Mozambique;East Africa;28242835;13219079497.71;KO
272;2018;Mozambique;East Africa;29075989;14845400592.67;KO
273;2019;Mozambique;East Africa;29934601;15390031040.0;KO
274;2020;Mozambique;East Africa;30813169;14156864916.47;KO
275;2021;Mozambique;East Africa;31674705;15776757419.52;KO
276;2022;Mozambique;East Africa;32560330;17851491427.68;KO
300;2000;Rwanda;East Africa;7718645;2068762706.75;KO
301;2001;Rwanda;East Africa;8083641;1966548409.55;KO
302;2002;Rwanda;East Africa;8329911;1965932546.36;KO
303;2003;Rwanda;East Africa;8492645;2138185328.15;KO
304;2004;Rwanda;East Africa;8619175;2376464519.64;KO
305;2005;Rwanda;East Africa;8761024;2933765825.28;KO
306;2006;Rwanda;East Africa;8942616;3319711249.44;KO
307;2007;Rwanda;East Africa;9159497;4070391531.3;KO
308;2008;Rwanda;East Africa;9399831;5179804290.63;KO
309;2009;Rwanda;East Africa;9654712;5674428927.6;KO
310;2010;Rwanda;East Africa;9912108;6124693374.47;KO
311;2011;Rwanda;East Africa;10167379;6884907733.0;KO
312;2012;Rwanda;East Africa;10422201;7654782978.59;KO
313;2013;Rwanda;East Africa;10681679;7820052084.03;KO
314;2014;Rwanda;East Africa;10948702;8239042500.29;KO
315;2015;Rwanda;East Africa;11227521;8543869360.36;KO
316;2016;Rwanda;East Africa;11519767;8695318854.11;KO
317;2017;Rwanda;East Africa;11826177;9252833678.09;KO
318;2018;Rwanda;East Africa;12142784;9636510839.31;KO
319;2019;Rwanda;East Africa;12465789;10346675636.34;KO
320;2020;Rwanda;East Africa;12790462;10172925171.59;KO
321;2021;Rwanda;East Africa;13097817;11055281971.05;KO
322;2022;Rwanda;East Africa;13412558;13312796765.23;KO
323;2000;Seyshelles;East Africa;80454;654212432.44;KO
324;2001;Seyshelles;East Africa;81711;662064193.6;KO
325;2002;Seyshelles;East Africa;83252;742134792.37;KO
326;2003;Seyshelles;East Africa;84949;750847276.44;KO
327;2004;Seyshelles;East Africa;86602;893012218.18;KO
328;2005;Seyshelles;East Africa;88025;977899381.82;KO
329;2006;Seyshelles;East Africa;89094;1081441348.63;KO
330;2007;Seyshelles;East Africa;89807;1077308888.16;KO
331;2008;Seyshelles;East Africa;90267;979597364.93;KO
332;2009;Seyshelles;East Africa;90620;851064318.79;KO
333;2010;Seyshelles;East Africa;91032;981918002.87;KO
334;2011;Seyshelles;East Africa;91580;1059249939.59;KO
335;2012;Seyshelles;East Africa;92247;1089880668.38;KO
336;2013;Seyshelles;East Africa;93006;1324915221.72;KO
337;2014;Seyshelles;East Africa;93809;1387576413.86;KO
338;2015;Seyshelles;East Africa;94601;1391427967.33;KO
339;2016;Seyshelles;East Africa;95348;1458954109.82;KO
340;2017;Seyshelles;East Africa;96067;1529773286.5;KO
341;2018;Seyshelles;East Africa;96759;1587813245.28;KO
342;2019;Seyshelles;East Africa;97420;1645090567.05;KO
343;2020;Seyshelles;East Africa;98042;1183515397.65;KO
344;2021;Seyshelles;East Africa;98743;1286687873.18;KO
345;2022;Seyshelles;East Africa;99449;1588406479.16;KO
369;2000;Tanzania;East Africa;33092941;13375976353.7;KO
370;2001;Tanzania;East Africa;33946157;13581644245.74;KO
371;2002;Tanzania;East Africa;34864219;14142035080.28;KO
372;2003;Tanzania;East Africa;35840406;15224257698.48;KO
373;2004;Tanzania;East Africa;36861619;16675948414.76;KO
374;2005;Tanzania;East Africa;37919444;18399046025.27;KO
375;2006;Tanzania;East Africa;39004008;18649590248.26;KO
376;2007;Tanzania;East Africa;40119696;21843529024.92;KO
377;2008;Tanzania;East Africa;41270884;27961527622.72;KO
378;2009;Tanzania;East Africa;42468900;29081826158.68;KO
379;2010;Tanzania;East Africa;43715411;32014247547.51;KO
380;2011;Tanzania;East Africa;45015479;34657141720.68;KO
381;2012;Tanzania;East Africa;46367046;39650522645.98;KO
382;2013;Tanzania;East Africa;47773960;45680532613.76;KO
383;2014;Tanzania;East Africa;49227919;49964825081.11;KO
384;2015;Tanzania;East Africa;50727856;47378603783.65;KO
385;2016;Tanzania;East Africa;52270215;49774004999.2;KO
386;2017;Tanzania;East Africa;53861409;53275968094.85;KO
387;2018;Tanzania;East Africa;55493688;57003686049.41;KO
388;2019;Tanzania;East Africa;57166406;61026765850.31;KO
389;2020;Tanzania;East Africa;58874560;66068737757.27;KO
390;2021;Tanzania;East Africa;60732641;70655628140.58;KO
391;2022;Tanzania;East Africa;62649363;75709289056.45;KO
415;2000;Ethiopia;East Africa;65289050;8242349955.05;KO
416;2001;Ethiopia;East Africa;67200066;8231326016.47;KO
417;2002;Ethiopia;East Africa;69158904;7850809498.17;KO
418;2003;Ethiopia;East Africa;71164672;8623691300.04;KO
419;2004;Ethiopia;East Africa;73210697;10131187261.44;KO
420;2005;Ethiopia;East Africa;75301567;12401139453.97;KO
421;2006;Ethiopia;East Africa;77426564;15280861834.6;KO
422;2007;Ethiopia;East Africa;79590754;19707616772.8;KO
423;2008;Ethiopia;East Africa;81801415;27066912635.22;KO
424;2009;Ethiopia;East Africa;84084604;32437389116.04;KO
425;2010;Ethiopia;East Africa;86446830;29933790334.34;KO
426;2011;Ethiopia;East Africa;88900219;31952763089.33;KO
427;2012;Ethiopia;East Africa;91440523;43310721414.08;KO
428;2013;Ethiopia;East Africa;94067314;47648276190.3;KO
429;2014;Ethiopia;East Africa;96751159;55612228233.52;KO
430;2015;Ethiopia;East Africa;99476124;64589329344.69;KO
431;2016;Ethiopia;East Africa;102227020;74296745599.0;KO
432;2017;Ethiopia;East Africa;105013186;81770886908.52;KO
433;2018;Ethiopia;East Africa;107823775;84269196152.03;KO
434;2019;Ethiopia;East Africa;110663299;95912607970.17;KO
435;2020;Ethiopia;East Africa;113529037;107657734392.45;KO
436;2021;Ethiopia;East Africa;116401322;111261882913.34;KO
437;2022;Ethiopia;East Africa;119346275;126783472501.13;KO
461;2000;Sudan;North Africa;26952537;12257299147.29;KO
462;2001;Sudan;North Africa;27625909;15716361539.06;KO
463;2002;Sudan;North Africa;28340947;18137126092.28;KO
464;2003;Sudan;North Africa;29085757;21355295732.05;KO
465;2004;Sudan;North Africa;29839412;26646007250.73;KO
466;2005;Sudan;North Africa;30584873;35182707173.82;KO
467;2006;Sudan;North Africa;31308596;45263824686.09;KO
468;2007;Sudan;North Africa;32014093;59440139774.81;KO
469;2008;Sudan;North Africa;32712645;64833088568.39;KO
470;2009;Sudan;North Africa;33425282;58315346841.24;KO
471;2010;Sudan;North Africa;34167525;74151157011.53;KO
472;2011;Sudan;North Africa;34950652;78402841444.95;KO
473;2012;Sudan;North Africa;35774035;63196236489.37;KO
474;2013;Sudan;North Africa;36636779;66027147864.79;KO
475;2014;Sudan;North Africa;37528826;76818773784.76;KO
476;2015;Sudan;North Africa;38444105;84984672415.94;KO
477;2016;Sudan;North Africa;39377771;102943515502.99;KO
478;2017;Sudan;North Africa;40334385;129718581297.43;KO
479;2018;Sudan;North Africa;41311526;32333780383.29;KO
480;2019;Sudan;North Africa;42311542;32338079165.29;KO
481;2020;Sudan;North Africa;43334084;27034593750.0;KO
482;2021;Sudan;North Africa;44269667;34229513774.99;KO
483;2022;Sudan;North Africa;45225449;51662241775.24;KO
484;2000;Algeria;North Africa;30833966;54790398813.0;KO
485;2001;Algeria;North Africa;31248557;54744698044.23;KO
486;2002;Algeria;North Africa;31654970;56760355865.01;KO
487;2003;Algeria;North Africa;32061316;67863850333.95;KO
488;2004;Algeria;North Africa;32479325;85332581188.61;KO
489;2005;Algeria;North Africa;32922817;103198211973.24;KO
490;2006;Algeria;North Africa;33397382;117027280692.36;KO
491;2007;Algeria;North Africa;33906153;134977082623.78;KO
492;2008;Algeria;North Africa;34450330;171000699876.75;KO
493;2009;Algeria;North Africa;35034722;137211004291.27;KO
494;2010;Algeria;North Africa;35658311;161207306304.79;KO
495;2011;Algeria;North Africa;36322255;200013097903.17;KO
496;2012;Algeria;North Africa;37024642;209059081828.26;KO
497;2013;Algeria;North Africa;37765125;209755003250.66;KO
498;2014;Algeria;North Africa;38535132;213809980720.79;KO
499;2015;Algeria;North Africa;39329159;165979224316.67;KO
500;2016;Algeria;North Africa;40141959;160034212613.44;KO
501;2017;Algeria;North Africa;40973729;170096989042.83;KO
502;2018;Algeria;North Africa;41812243;174910891124.49;KO
503;2019;Algeria;North Africa;42644123;171760290068.16;KO
504;2020;Algeria;North Africa;43454229;145743722826.26;KO
505;2021;Algeria;North Africa;44287681;163472233245.77;KO
506;2022;Algeria;North Africa;45137119;191912889420.91;KO
507;2000;Egypt;North Africa;68177172;99838543960.08;KO
508;2001;Egypt;North Africa;69497541;96684636118.6;KO
509;2002;Egypt;North Africa;70824329;85146067415.73;KO
510;2003;Egypt;North Africa;72161084;80288461538.46;KO
511;2004;Egypt;North Africa;73502765;78782467532.47;KO
512;2005;Egypt;North Africa;74853379;89600665557.4;KO
513;2006;Egypt;North Africa;76204171;107426086956.52;KO
514;2007;Egypt;North Africa;77558480;130437828371.28;KO
515;2008;Egypt;North Africa;78937938;162818181818.18;KO
516;2009;Egypt;North Africa;80391594;189147005444.65;KO
517;2010;Egypt;North Africa;81954701;218983666061.71;KO
518;2011;Egypt;North Africa;83652513;235989672977.62;KO
519;2012;Egypt;North Africa;85480918;279116666666.67;KO
520;2013;Egypt;North Africa;87421593;288434108527.13;KO
521;2014;Egypt;North Africa;89422961;305595408895.27;KO
522;2015;Egypt;North Africa;91441901;329366576819.41;KO
523;2016;Egypt;North Africa;93450287;332441717791.41;KO
524;2017;Egypt;North Africa;95453031;248362771739.13;KO
525;2018;Egypt;North Africa;97441237;262588632526.73;KO
526;2019;Egypt;North Africa;99413912;318678815489.75;KO
527;2020;Egypt;North Africa;101366557;383817841547.1;KO
528;2021;Egypt;North Africa;103578375;424671765455.7;KO
529;2022;Egypt;North Africa;105838455;476747720364.74;KO
553;2000;Libya;North Africa;5317131;38270983031.82;KO
554;2001;Libya;North Africa;5400922;34112079628.57;KO
555;2002;Libya;North Africa;5487534;20481889763.78;KO
556;2003;Libya;North Africa;5576189;26265625000.0;KO
557;2004;Libya;North Africa;5665599;33122307692.31;KO
558;2005;Libya;North Africa;5754753;47334697611.85;KO
559;2006;Libya;North Africa;5843107;60094248771.99;KO
560;2007;Libya;North Africa;5931191;68032985520.27;KO
561;2008;Libya;North Africa;6016992;86710739534.55;KO
562;2009;Libya;North Africa;6096673;60808538330.34;KO
563;2010;Libya;North Africa;6166089;75380800664.42;KO
564;2011;Libya;North Africa;6222757;48169243831.91;KO
565;2012;Libya;North Africa;6266699;92540964665.56;KO
566;2013;Libya;North Africa;6303193;75351117628.31;KO
567;2014;Libya;North Africa;6341366;57372352562.49;KO
568;2015;Libya;North Africa;6390408;48717506272.7;KO
569;2016;Libya;North Africa;6455439;49912085228.35;KO
570;2017;Libya;North Africa;6536805;67157451660.27;KO
571;2018;Libya;North Africa;6630046;76686048499.35;KO
572;2019;Libya;North Africa;6728415;69254143968.34;KO
573;2020;Libya;North Africa;6824626;46808208747.28;KO
574;2021;Libya;North Africa;6827356;39798423941.03;KO
575;2022;Libya;North Africa;6830087;45752336035.98;KO
576;2000;Morocco;North Africa;28625512;43017455401.42;KO
577;2001;Morocco;North Africa;28961365;43831480206.45;KO
578;2002;Morocco;North Africa;29291894;47077192183.73;KO
579;2003;Morocco;North Africa;29620173;58029361338.63;KO
580;2004;Morocco;North Africa;29949948;66114147932.39;KO
581;2005;Morocco;North Africa;30286778;68852655479.56;KO
582;2006;Morocco;North Africa;30631561;75883820424.08;KO
583;2007;Morocco;North Africa;30985655;86947909744.6;KO
584;2008;Morocco;North Africa;31351258;101822906946.03;KO
585;2009;Morocco;North Africa;31734559;101154952243.01;KO
586;2010;Morocco;North Africa;32137938;100865325482.24;KO
587;2011;Morocco;North Africa;32564424;110080631330.06;KO
588;2012;Morocco;North Africa;33013136;106937397478.35;KO
589;2013;Morocco;North Africa;33480749;115739288446.8;KO
590;2014;Morocco;North Africa;33955990;119130845829.48;KO
591;2015;Morocco;North Africa;34429920;110413820681.03;KO
592;2016;Morocco;North Africa;34896205;111572946646.54;KO
593;2017;Morocco;North Africa;35355635;118540574727.55;KO
594;2018;Morocco;North Africa;35807013;127341141871.21;KO
595;2019;Morocco;North Africa;36252247;128920265075.53;KO
596;2020;Morocco;North Africa;36692361;121347533649.79;KO
597;2021;Morocco;North Africa;37193579;142866583124.7;KO
598;2022;Morocco;North Africa;37701643;134181587769.8;KO
599;2000;Tunisia;North Africa;9661226;21473522938.68;KO
600;2001;Tunisia;North Africa;9751483;22065840117.47;KO
601;2002;Tunisia;North Africa;9832906;23141611178.84;KO
602;2003;Tunisia;North Africa;9908576;27453895158.94;KO
603;2004;Tunisia;North Africa;9983990;31183893587.41;KO
604;2005;Tunisia;North Africa;10064875;32272178403.51;KO
605;2006;Tunisia;North Africa;10154383;34376664600.59;KO
606;2007;Tunisia;North Africa;10253395;38915343743.29;KO
607;2008;Tunisia;North Africa;10359877;44859452038.12;KO
608;2009;Tunisia;North Africa;10470515;43455740497.31;KO
609;2010;Tunisia;North Africa;10580918;46206091937.96;KO
610;2011;Tunisia;North Africa;10688997;48123314430.49;KO
611;2012;Tunisia;North Africa;10794720;47311411909.7;KO
612;2013;Tunisia;North Africa;10900406;48685436425.09;KO
613;2014;Tunisia;North Africa;11008525;50271812920.61;KO
614;2015;Tunisia;North Africa;11122053;45779494041.93;KO
615;2016;Tunisia;North Africa;11242285;44360065796.62;KO
616;2017;Tunisia;North Africa;11369222;42163530590.95;KO
617;2018;Tunisia;North Africa;11499862;42686509835.53;KO
618;2019;Tunisia;North Africa;11630494;41905637658.61;KO
619;2020;Tunisia;North Africa;11757008;42538462678.12;KO
620;2021;Tunisia;North Africa;11888922;46687298709.35;KO
621;2022;Tunisia;North Africa;12022316;46664948951.66;KO
622;2000;Botswana;South Africa;1626887;5788329609.16;KO
623;2001;Botswana;South Africa;1659132;5489608299.66;KO
624;2002;Botswana;South Africa;1689779;5438864269.39;KO
625;2003;Botswana;South Africa;1719634;7511582173.38;KO
626;2004;Botswana;South Africa;1750045;8957467706.54;KO
627;2005;Botswana;South Africa;1782443;9918907108.1;KO
628;2006;Botswana;South Africa;1817645;9919158482.41;KO
629;2007;Botswana;South Africa;1855847;10567270655.5;KO
630;2008;Botswana;South Africa;1895657;10730828592.46;KO
631;2009;Botswana;South Africa;1934721;10118459713.7;KO
632;2010;Botswana;South Africa;1970439;12637273429.13;KO
633;2011;Botswana;South Africa;2001372;15110642875.6;KO
634;2012;Botswana;South Africa;2027544;13907464500.15;KO
635;2013;Botswana;South Africa;2051146;14271738366.79;KO
636;2014;Botswana;South Africa;2075692;15470087926.25;KO
637;2015;Botswana;South Africa;2104799;13530749289.79;KO
638;2016;Botswana;South Africa;2140428;15082636722.86;KO
639;2017;Botswana;South Africa;2182686;16105156375.58;KO
640;2018;Botswana;South Africa;2229773;17031943186.14;KO
641;2019;Botswana;South Africa;2279089;16725908661.94;KO
642;2020;Botswana;South Africa;2327795;14960291540.53;KO
643;2021;Botswana;South Africa;2374165;18737066306.97;KO
644;2022;Botswana;South Africa;2421458;20352322157.15;KO
645;2000;Lesotho;South Africa;2026304;887291645.3;KO
646;2001;Lesotho;South Africa;2034284;825706961.24;KO
647;2002;Lesotho;South Africa;2032761;775777263.09;KO
648;2003;Lesotho;South Africa;2024046;1157825409.28;KO
649;2004;Lesotho;South Africa;2012120;1511236655.52;KO
650;2005;Lesotho;South Africa;2000994;1682343439.31;KO
651;2006;Lesotho;South Africa;1992999;1800092519.45;KO
652;2007;Lesotho;South Africa;1988417;1682025303.16;KO
653;2008;Lesotho;South Africa;1987029;1766820422.48;KO
654;2009;Lesotho;South Africa;1988645;1740835819.8;KO
655;2010;Lesotho;South Africa;1992877;2234731973.55;KO
656;2011;Lesotho;South Africa;1999718;2579421686.25;KO
657;2012;Lesotho;South Africa;2009421;2477702252.8;KO
658;2013;Lesotho;South Africa;2021814;2367113170.0;KO
659;2014;Lesotho;South Africa;2036049;2441063169.48;KO
660;2015;Lesotho;South Africa;2051293;2359754087.58;KO
661;2016;Lesotho;South Africa;2067070;2114426468.66;KO
662;2017;Lesotho;South Africa;2083354;2306741598.8;KO
663;2018;Lesotho;South Africa;2099999;2556247155.57;KO
664;2019;Lesotho;South Africa;2116867;2436029587.61;KO
665;2020;Lesotho;South Africa;2133806;2117736527.8;KO
666;2021;Lesotho;South Africa;2159433;2373416268.51;KO
667;2022;Lesotho;South Africa;2185368;2553459762.8;KO
668;2000;Namibia;South Africa;1779306;3922231976.44;KO
669;2001;Namibia;South Africa;1809245;3557341284.02;KO
670;2002;Namibia;South Africa;1837707;3349169932.3;KO
671;2003;Namibia;South Africa;1865429;4926439274.97;KO
672;2004;Namibia;South Africa;1893503;6609206506.35;KO
673;2005;Namibia;South Africa;1923152;7248375216.59;KO
674;2006;Namibia;South Africa;1954953;8001779551.06;KO
675;2007;Namibia;South Africa;1989062;8839536893.68;KO
676;2008;Namibia;South Africa;2025050;8607431845.2;KO
677;2009;Namibia;South Africa;2062365;8938847363.88;KO
678;2010;Namibia;South Africa;2100113;11431412421.13;KO
679;2011;Namibia;South Africa;2137943;12523359440.55;KO
680;2012;Namibia;South Africa;2175842;13042053856.97;KO
681;2013;Namibia;South Africa;2214301;12043307277.12;KO
682;2014;Namibia;South Africa;2253630;12435430396.19;KO
683;2015;Namibia;South Africa;2294334;11335161230.16;KO
684;2016;Namibia;South Africa;2336590;10722018975.08;KO
685;2017;Namibia;South Africa;2380517;12895153160.47;KO
686;2018;Namibia;South Africa;2425649;13682019171.66;KO
687;2019;Namibia;South Africa;2471602;12541928102.77;KO
688;2020;Namibia;South Africa;2517847;10583748757.33;KO
689;2021;Namibia;South Africa;2575229;12446290854.9;KO
690;2022;Namibia;South Africa;2633918;12607436975.95;KO
691;2000;Eswatini;South Africa;1030000;1738093756.88;KO
692;2001;Eswatini;South Africa;1041000;1542477308.89;KO
693;2002;Eswatini;South Africa;1051000;1432221784.42;KO
694;2003;Eswatini;South Africa;1059000;2197598417.84;KO
695;2004;Eswatini;South Africa;1066000;2770082791.5;KO
696;2005;Eswatini;South Africa;1072000;3178112332.09;KO
697;2006;Eswatini;South Africa;1078000;3291329938.16;KO
698;2007;Eswatini;South Africa;1084000;3469381231.49;KO
699;2008;Eswatini;South Africa;1090000;3294084181.24;KO
700;2009;Eswatini;South Africa;1095000;3580427985.95;KO
701;2010;Eswatini;South Africa;1100000;4438765109.49;KO
702;2011;Eswatini;South Africa;1105000;4820478592.34;KO
703;2012;Eswatini;South Africa;1111000;4886551706.18;KO
704;2013;Eswatini;South Africa;1118000;4597552948.65;KO
705;2014;Eswatini;South Africa;1126000;4422986447.49;KO
706;2015;Eswatini;South Africa;1134000;4063245671.29;KO
707;2016;Eswatini;South Africa;1143000;3816019222.86;KO
708;2017;Eswatini;South Africa;1151000;4402969225.92;KO
709;2018;Eswatini;South Africa;1160000;4666598023.92;KO
710;2019;Eswatini;South Africa;1170000;4466214522.2;KO
711;2020;Eswatini;South Africa;1181000;3982236726.37;KO
712;2021;Eswatini;South Africa;1192000;4748702400.66;KO
713;2022;Eswatini;South Africa;1201670;4854167638.37;KO
714;2000;South Africa;South Africa;44654851;151752749926.33;KO
715;2001;South Africa;South Africa;45271973;135429908544.34;KO
716;2002;South Africa;South Africa;45863475;129087560694.62;KO
717;2003;South Africa;South Africa;46437393;197018960967.97;KO
718;2004;South Africa;South Africa;47006970;255806928394.81;KO
719;2005;South Africa;South Africa;47588523;288867202055.14;KO
720;2006;South Africa;South Africa;48187532;303858667884.84;KO
721;2007;South Africa;South Africa;48807205;333077117253.68;KO
722;2008;South Africa;South Africa;49451421;316131245860.68;KO
723;2009;South Africa;South Africa;50131109;329754054488.85;KO
724;2010;South Africa;South Africa;50850031;417363825016.29;KO
725;2011;South Africa;South Africa;51613596;458199486480.58;KO
726;2012;South Africa;South Africa;52420474;434400545085.81;KO
727;2013;South Africa;South Africa;53263404;400886013595.57;KO
728;2014;South Africa;South Africa;54119177;381198869776.11;KO
729;2015;South Africa;South Africa;54968738;346709790458.56;KO
730;2016;South Africa;South Africa;55799253;323585509674.48;KO
731;2017;South Africa;South Africa;56611996;381448814653.46;KO
732;2018;South Africa;South Africa;57404352;404158882459.02;KO
733;2019;South Africa;South Africa;58178540;388531226582.35;KO
734;2020;South Africa;South Africa;58935529;337619569570.51;KO
735;2021;South Africa;South Africa;59572622;419015636064.71;KO
736;2022;South Africa;South Africa;60216602;405869718462.34;KO
737;2000;Angola;Central Africa;16132618;9129594818.61;KO
738;2001;Angola;Central Africa;16672876;8936079252.77;KO
739;2002;Angola;Central Africa;17234943;15285592487.42;KO
740;2003;Angola;Central Africa;17822922;17812704626.23;KO
741;2004;Angola;Central Africa;18441547;23552057820.46;KO
742;2005;Angola;Central Africa;19098647;36970901025.2;KO
743;2006;Angola;Central Africa;19794698;52381025105.22;KO
744;2007;Angola;Central Africa;20530737;65266415706.97;KO
745;2008;Angola;Central Africa;21302657;88538664888.2;KO
746;2009;Angola;Central Africa;22108320;70307196477.08;KO
747;2010;Angola;Central Africa;22938721;81699526880.81;KO
748;2011;Angola;Central Africa;23792006;109436566876.42;KO
749;2012;Angola;Central Africa;24666717;124998210652.24;KO
750;2013;Angola;Central Africa;25565586;133401582620.49;KO
751;2014;Angola;Central Africa;26482585;137244439121.37;KO
752;2015;Angola;Central Africa;27416950;87219300384.51;KO
753;2016;Angola;Central Africa;28366049;49840491178.15;KO
754;2017;Angola;Central Africa;29333629;68972769395.63;KO
755;2018;Angola;Central Africa;30317359;77792944471.95;KO
756;2019;Angola;Central Africa;31321716;69309110145.77;KO
757;2020;Angola;Central Africa;32348628;50241368243.63;KO
758;2021;Angola;Central Africa;33412574;65685435100.5;KO
759;2022;Angola;Central Africa;34511514;106713618735.43;KO
760;2000;Gabon;Central Africa;1213789;5080483628.31;KO
761;2001;Gabon;Central Africa;1243305;5023265411.48;KO
762;2002;Gabon;Central Africa;1273284;5335451103.76;KO
763;2003;Gabon;Central Africa;1304258;6511903363.54;KO
764;2004;Gabon;Central Africa;1336959;7770219003.92;KO
765;2005;Gabon;Central Africa;1372320;9582783997.22;KO
766;2006;Gabon;Central Africa;1410510;10327598308.53;KO
767;2007;Gabon;Central Africa;1451529;12455409574.94;KO
768;2008;Gabon;Central Africa;1495677;15571348329.23;KO
769;2009;Gabon;Central Africa;1543939;12113699059.46;KO
770;2010;Gabon;Central Africa;1596762;14372593013.81;KO
771;2011;Gabon;Central Africa;1654636;18210307754.44;KO
772;2012;Gabon;Central Africa;1717331;17170464000.78;KO
773;2013;Gabon;Central Africa;1783650;17595744803.6;KO
774;2014;Gabon;Central Africa;1850710;18203966900.44;KO
775;2015;Gabon;Central Africa;1916008;14383107763.12;KO
776;2016;Gabon;Central Africa;1977950;14023890263.88;KO
777;2017;Gabon;Central Africa;2036581;14929487495.76;KO
778;2018;Gabon;Central Africa;2092267;16867326389.87;KO
779;2019;Gabon;Central Africa;2146146;16874405460.2;KO
780;2020;Gabon;Central Africa;2199298;15314577167.82;KO
781;2021;Gabon;Central Africa;2248650;20217946921.21;KO
782;2022;Gabon;Central Africa;2299110;21071739227.94;KO
783;2000;Cameroon;Central Africa;15314368;10566579294.52;KO
784;2001;Cameroon;Central Africa;15723132;10953485345.22;KO
785;2002;Cameroon;Central Africa;16145019;12417251341.6;KO
786;2003;Cameroon;Central Africa;16581059;15970315030.24;KO
787;2004;Cameroon;Central Africa;17031348;18826214125.23;KO
788;2005;Cameroon;Central Africa;17498313;19509852219.33;KO
789;2006;Cameroon;Central Africa;17980557;20910512978.17;KO
790;2007;Cameroon;Central Africa;18479062;23928250410.06;KO
791;2008;Cameroon;Central Africa;18992906;27715142005.57;KO
792;2009;Cameroon;Central Africa;19523506;27932970297.06;KO
793;2010;Cameroon;Central Africa;20067845;27507501809.24;KO
794;2011;Cameroon;Central Africa;20626137;30630910513.06;KO
795;2012;Cameroon;Central Africa;21197411;30155062302.84;KO
796;2013;Cameroon;Central Africa;21783717;33728621190.21;KO
797;2014;Cameroon;Central Africa;22382061;36386544716.08;KO
798;2015;Cameroon;Central Africa;22992648;32210233021.57;KO
799;2016;Cameroon;Central Africa;23614179;33814337040.78;KO
800;2017;Cameroon;Central Africa;24248938;36098547058.79;KO
801;2018;Cameroon;Central Africa;24893838;39973842058.57;KO
802;2019;Cameroon;Central Africa;25549037;39670976440.32;KO
803;2020;Cameroon;Central Africa;26212955;40773241211.69;KO
804;2021;Cameroon;Central Africa;26870114;45338285386.1;KO
805;2022;Cameroon;Central Africa;27543748;44341646509.22;KO
806;2000;Democratic Republic of the Congo;Central Africa;46515964;19088046305.8;KO
807;2001;Democratic Republic of the Congo;Central Africa;47772618;7438189100.33;KO
808;2002;Democratic Republic of the Congo;Central Africa;49156033;8728038525.14;KO
809;2003;Democratic Republic of the Congo;Central Africa;50655012;8937567059.88;KO
810;2004;Democratic Republic of the Congo;Central Africa;52251716;10297483481.22;KO
811;2005;Democratic Republic of the Congo;Central Africa;53934438;11964484457.52;KO
812;2006;Democratic Republic of the Congo;Central Africa;55689335;14451901696.39;KO
813;2007;Democratic Republic of the Congo;Central Africa;57523575;16737071816.38;KO
814;2008;Democratic Republic of the Congo;Central Africa;59437789;19788515579.05;KO
815;2009;Democratic Republic of the Congo;Central Africa;61438256;18648372544.8;KO
816;2010;Democratic Republic of the Congo;Central Africa;63514905;21565721036.36;KO
817;2011;Democratic Republic of the Congo;Central Africa;65668507;25839749198.82;KO
818;2012;Democratic Republic of the Congo;Central Africa;67894140;29306235295.34;KO
819;2013;Democratic Republic of the Congo;Central Africa;70199385;32679745036.27;KO
820;2014;Democratic Republic of the Congo;Central Africa;72573023;35909040943.89;KO
821;2015;Democratic Republic of the Congo;Central Africa;75016168;37917706485.59;KO
822;2016;Democratic Republic of the Congo;Central Africa;77523783;37134801548.84;KO
823;2017;Democratic Republic of the Congo;Central Africa;80104672;38019264804.51;KO
824;2018;Democratic Republic of the Congo;Central Africa;82744398;47568210020.93;KO
825;2019;Democratic Republic of the Congo;Central Africa;85440518;51775829868.77;KO
826;2020;Democratic Republic of the Congo;Central Africa;88183557;48716961864.54;KO
827;2021;Democratic Republic of the Congo;Central Africa;90973685;55350968593.06;KO
828;2022;Democratic Republic of the Congo;Central Africa;93852092;58065953573.32;KO
829;2000;Republic of the Congo;Central Africa;3083169;3227927697.44;KO
830;2001;Republic of the Congo;Central Africa;3173047;2796704603.04;KO
831;2002;Republic of the Congo;Central Africa;3264533;3034250926.18;KO
832;2003;Republic of the Congo;Central Africa;3359042;3503723086.7;KO
833;2004;Republic of the Congo;Central Africa;3458974;4656974937.55;KO
834;2005;Republic of the Congo;Central Africa;3567083;6650001684.9;KO
835;2006;Republic of the Congo;Central Africa;3684462;8072305030.68;KO
836;2007;Republic of the Congo;Central Africa;3811171;8782703427.96;KO
837;2008;Republic of the Congo;Central Africa;3944175;11649857662.14;KO
838;2009;Republic of the Congo;Central Africa;4078994;9723299908.19;KO
839;2010;Republic of the Congo;Central Africa;4210096;13148396205.67;KO
840;2011;Republic of the Congo;Central Africa;4334788;15655383585.99;KO
841;2012;Republic of the Congo;Central Africa;4452835;17692911280.56;KO
842;2013;Republic of the Congo;Central Africa;4566940;17958720704.46;KO
843;2014;Republic of the Congo;Central Africa;4680330;17912907682.07;KO
844;2015;Republic of the Congo;Central Africa;4797019;11890259176.68;KO
845;2016;Republic of the Congo;Central Africa;4918886;10219341017.14;KO
846;2017;Republic of the Congo;Central Africa;5046382;11094823676.59;KO
847;2018;Republic of the Congo;Central Africa;5178081;13670038019.86;KO
848;2019;Republic of the Congo;Central Africa;5312993;12750338736.17;KO
849;2020;Republic of the Congo;Central Africa;5449674;10483151093.69;KO
850;2021;Republic of the Congo;Central Africa;5588750;13366230821.33;KO
851;2022;Republic of the Congo;Central Africa;5731375;14615532210.05;KO
875;2000;Central African Republic;Central Africa;3599445;916777282.65;KO
876;2001;Central African Republic;Central Africa;3681554;932648604.42;KO
877;2002;Central African Republic;Central Africa;3762402;996068145.61;KO
878;2003;Central African Republic;Central Africa;3841982;1142315522.2;KO
879;2004;Central African Republic;Central Africa;3920749;1272360516.62;KO
880;2005;Central African Republic;Central Africa;3999454;1337894379.63;KO
881;2006;Central African Republic;Central Africa;4078555;1461859762.63;KO
882;2007;Central African Republic;Central Africa;4158368;1699811293.26;KO
883;2008;Central African Republic;Central Africa;4235892;1993407886.56;KO
884;2009;Central African Republic;Central Africa;4305760;2067381663.75;KO
885;2010;Central African Republic;Central Africa;4362396;2142591539.44;KO
886;2011;Central African Republic;Central Africa;4402833;2437982706.57;KO
887;2012;Central African Republic;Central Africa;4427574;2510126510.0;KO
888;2013;Central African Republic;Central Africa;4442225;1691544110.69;KO
889;2014;Central African Republic;Central Africa;4456125;1894813389.88;KO
890;2015;Central African Republic;Central Africa;4478790;1695825714.24;KO
891;2016;Central African Republic;Central Africa;4515549;1825018144.46;KO
892;2017;Central African Republic;Central Africa;4567093;2072349974.15;KO
893;2018;Central African Republic;Central Africa;4631488;2220979144.52;KO
894;2019;Central African Republic;Central Africa;4706101;2221301350.76;KO
895;2020;Central African Republic;Central Africa;4787703;2326720902.36;KO
896;2021;Central African Republic;Central Africa;4881015;2516498412.31;KO
897;2022;Central African Republic;Central Africa;4976146;2382618615.36;KO
898;2000;Chad;Central Africa;8205418;1388506771.53;KO
899;2001;Chad;Central Africa;8518176;1710843376.39;KO
900;2002;Chad;Central Africa;8850040;1997005710.27;KO
901;2003;Chad;Central Africa;9198027;2742815070.76;KO
902;2004;Chad;Central Africa;9555323;4422855658.38;KO
903;2005;Chad;Central Africa;9917183;6649307528.06;KO
904;2006;Chad;Central Africa;10278357;7428701455.41;KO
905;2007;Chad;Central Africa;10639060;8650137734.72;KO
906;2008;Chad;Central Africa;11001809;10393833755.28;KO
907;2009;Chad;Central Africa;11373413;9290728312.24;KO
908;2010;Chad;Central Africa;11757749;10668103549.31;KO
909;2011;Chad;Central Africa;12158240;12172308858.3;KO
910;2012;Chad;Central Africa;12574025;12367362746.13;KO
911;2013;Chad;Central Africa;13004381;12953534870.3;KO
912;2014;Chad;Central Africa;13443819;13940767222.11;KO
913;2015;Chad;Central Africa;13889105;10950392257.28;KO
914;2016;Chad;Central Africa;14337546;10097778097.1;KO
915;2017;Chad;Central Africa;14791080;10000394388.12;KO
916;2018;Chad;Central Africa;15249138;11239167890.28;KO
917;2019;Chad;Central Africa;15714233;11314951088.25;KO
918;2020;Chad;Central Africa;16187679;10715396051.44;KO
919;2021;Chad;Central Africa;16722196;11779981332.16;KO
920;2022;Chad;Central Africa;17274363;12704149842.04;KO
921;2000;Equatorial Guinea;Central Africa;594039;1045998496.44;KO
922;2001;Equatorial Guinea;Central Africa;619026;1461139022.03;KO
923;2002;Equatorial Guinea;Central Africa;645135;1806742742.27;KO
924;2003;Equatorial Guinea;Central Africa;672645;2484745935.09;KO
925;2004;Equatorial Guinea;Central Africa;701892;4410764338.67;KO
926;2005;Equatorial Guinea;Central Africa;733372;8217369092.65;KO
927;2006;Equatorial Guinea;Central Africa;767154;10086528698.86;KO
928;2007;Equatorial Guinea;Central Africa;803243;13071718758.74;KO
929;2008;Equatorial Guinea;Central Africa;841369;19749893536.32;KO
930;2009;Equatorial Guinea;Central Africa;881381;15027795173.22;KO
931;2010;Equatorial Guinea;Central Africa;922787;16314443428.94;KO
932;2011;Equatorial Guinea;Central Africa;965428;21357343681.89;KO
933;2012;Equatorial Guinea;Central Africa;1009147;22388344123.99;KO
934;2013;Equatorial Guinea;Central Africa;1053987;21948834290.35;KO
935;2014;Equatorial Guinea;Central Africa;1099531;21765453087.48;KO
936;2015;Equatorial Guinea;Central Africa;1145614;13185496881.41;KO
937;2016;Equatorial Guinea;Central Africa;1192005;11240808846.69;KO
938;2017;Equatorial Guinea;Central Africa;1238787;12200913887.64;KO
939;2018;Equatorial Guinea;Central Africa;1285680;13097012124.23;KO
940;2019;Equatorial Guinea;Central Africa;1332667;11364133546.25;KO
941;2020;Equatorial Guinea;Central Africa;1379612;10099157995.58;KO
942;2021;Equatorial Guinea;Central Africa;1420407;12269393392.16;KO
943;2022;Equatorial Guinea;Central Africa;1462408;11813908447.81;KO
944;2000;Benin;West Africa;6765575;3519991440.32;OK
945;2001;Benin;West Africa;6972203;3666222633.84;OK
946;2002;Benin;West Africa;7186963;4194342689.26;OK
947;2003;Benin;West Africa;7408903;5349258092.89;OK
948;2004;Benin;West Africa;7635906;6190270377.08;OK
949;2005;Benin;West Africa;7867067;6567654958.75;OK
950;2006;Benin;West Africa;8100522;7034111316.3;OK
951;2007;Benin;West Africa;8336819;8169048374.71;OK
952;2008;Benin;West Africa;8576514;9787734516.74;OK
953;2009;Benin;West Africa;8821832;9738626509.93;OK
954;2010;Benin;West Africa;9073030;9535345011.49;OK
955;2011;Benin;West Africa;9331116;10693321370.04;OK
956;2012;Benin;West Africa;9595775;11141358105.99;OK
957;2013;Benin;West Africa;9868056;12517845127.68;OK
958;2014;Benin;West Africa;10146876;13284527850.26;OK
959;2015;Benin;West Africa;10432589;11388160997.11;OK
960;2016;Benin;West Africa;10724826;11821065852.13;OK
961;2017;Benin;West Africa;11024878;12701655845.96;OK
962;2018;Benin;West Africa;11331387;14262408079.7;OK
963;2019;Benin;West Africa;11644392;14391686309.03;OK
964;2020;Benin;West Africa;11963054;15651545208.88;OK
965;2021;Benin;West Africa;12284501;17690083519.93;OK
966;2022;Benin;West Africa;12614586;17401746309.27;OK
967;2000;Burkina Faso;West Africa;11446212;2968370087.47;OK
968;2001;Burkina Faso;West Africa;11777653;3190371079.81;OK
969;2002;Burkina Faso;West Africa;12120275;3622350065.59;OK
970;2003;Burkina Faso;West Africa;12475346;4740768141.27;OK
971;2004;Burkina Faso;West Africa;12843627;5451688534.6;OK
972;2005;Burkina Faso;West Africa;13227864;6146353177.43;OK
973;2006;Burkina Faso;West Africa;13627228;6547419821.69;OK
974;2007;Burkina Faso;West Africa;14042339;7625722829.18;OK
975;2008;Burkina Faso;West Africa;14472073;9451435480.94;OK
976;2009;Burkina Faso;West Africa;14917266;9450696866.48;OK
977;2010;Burkina Faso;West Africa;15375062;10109619736.14;OK
978;2011;Burkina Faso;West Africa;15845522;12080295984.77;OK
979;2012;Burkina Faso;West Africa;16327920;12561015145.39;OK
980;2013;Burkina Faso;West Africa;16824083;13444300489.86;OK
981;2014;Burkina Faso;West Africa;17331519;13943016080.26;OK
982;2015;Burkina Faso;West Africa;17850478;11832159315.98;OK
983;2016;Burkina Faso;West Africa;18379947;12833363043.97;OK
984;2017;Burkina Faso;West Africa;18922040;14106955625.36;OK
985;2018;Burkina Faso;West Africa;19474645;15890066209.9;OK
986;2019;Burkina Faso;West Africa;20038767;16178161666.13;OK
987;2020;Burkina Faso;West Africa;20613920;17933606212.63;OK
988;2021;Burkina Faso;West Africa;21218526;19737616003.02;OK
989;2022;Burkina Faso;West Africa;21840865;18884619613.44;OK
990;2000;Gambia;West Africa;1297524;782913865.99;OK
991;2001;Gambia;West Africa;1339063;687410630.46;OK
992;2002;Gambia;West Africa;1382348;578235309.33;OK
993;2003;Gambia;West Africa;1427282;487038679.36;OK
994;2004;Gambia;West Africa;1473352;961900640.75;OK
995;2005;Gambia;West Africa;1520329;1027701055.57;OK
996;2006;Gambia;West Africa;1567791;1054112487.74;OK
997;2007;Gambia;West Africa;1615844;1279703029.87;OK
998;2008;Gambia;West Africa;1664702;1561766955.73;OK
999;2009;Gambia;West Africa;1714992;1450142497.46;OK
1000;2010;Gambia;West Africa;1766955;1543294945.46;OK
1001;2011;Gambia;West Africa;1820896;1409693594.06;OK
1002;2012;Gambia;West Africa;1876736;1415004743.18;OK
1003;2013;Gambia;West Africa;1934605;1375609459.78;OK
1004;2014;Gambia;West Africa;1994120;1229461731.7;OK
1005;2015;Gambia;West Africa;2055203;1378176605.94;OK
1006;2016;Gambia;West Africa;2117670;1484578897.16;OK
1007;2017;Gambia;West Africa;2181783;1504909447.77;OK
1008;2018;Gambia;West Africa;2247268;1670671340.38;OK
1009;2019;Gambia;West Africa;2314172;1813609679.15;OK
1010;2020;Gambia;West Africa;2382368;1812170878.31;OK
1011;2021;Gambia;West Africa;2459438;2038414973.57;OK
1012;2022;Gambia;West Africa;2539001;2273060863.14;OK
1013;2000;Ghana;West Africa;19046884;4982849054.03;OK
1014;2001;Ghana;West Africa;19519854;5314871683.52;OK
1015;2002;Ghana;West Africa;20003664;6166197191.77;OK
1016;2003;Ghana;West Africa;20500413;7632720680.28;OK
1017;2004;Ghana;West Africa;21012744;8881419348.22;OK
1018;2005;Ghana;West Africa;21545717;10744562614.75;OK
1019;2006;Ghana;West Africa;22099172;20885042153.02;OK
1020;2007;Ghana;West Africa;22673905;24827333947.38;OK
1021;2008;Ghana;West Africa;23265528;28679383241.07;OK
1022;2009;Ghana;West Africa;23869882;26048726185.67;OK
1023;2010;Ghana;West Africa;24477780;32197648061.17;OK
1024;2011;Ghana;West Africa;25086163;39336668080.56;OK
1025;2012;Ghana;West Africa;25693747;41271708599.71;OK
1026;2013;Ghana;West Africa;26304559;62824629066.04;OK
1027;2014;Ghana;West Africa;26918595;54783320576.89;OK
1028;2015;Ghana;West Africa;27539409;49406014245.43;OK
1029;2016;Ghana;West Africa;28167304;56164933479.4;OK
1030;2017;Ghana;West Africa;28804334;60405920071.1;OK
1031;2018;Ghana;West Africa;29446939;67298913752.02;OK
1032;2019;Ghana;West Africa;30095157;68337974418.77;OK
1033;2020;Ghana;West Africa;30747191;70043095503.25;OK
1034;2021;Ghana;West Africa;31482356;79156409409.86;OK
1035;2022;Ghana;West Africa;32235099;72838798787.71;OK
1036;2000;Guinea;West Africa;8148248;2995361112.05;OK
1037;2001;Guinea;West Africa;8329633;2829435908.16;OK
1038;2002;Guinea;West Africa;8502274;2950198723.61;OK
1039;2003;Guinea;West Africa;8670273;3446441784.82;OK
1040;2004;Guinea;West Africa;8839885;3635458213.66;OK
1041;2005;Guinea;West Africa;9018413;2937071740.39;OK
1042;2006;Guinea;West Africa;9209316;4220019242.75;OK
1043;2007;Guinea;West Africa;9413656;6281917649.67;OK
1044;2008;Guinea;West Africa;9629080;6964179187.54;OK
1045;2009;Guinea;West Africa;9852560;6716904516.3;OK
1046;2010;Guinea;West Africa;10079255;6853467832.68;OK
1047;2011;Guinea;West Africa;10307252;6785137215.23;OK
1048;2012;Guinea;West Africa;10536878;7638045225.64;OK
1049;2013;Guinea;West Africa;10773416;8376613880.26;OK
1050;2014;Guinea;West Africa;11022956;8778473643.02;OK
1051;2015;Guinea;West Africa;11292688;8794202394.72;OK
1052;2016;Guinea;West Africa;11586102;8595955600.79;OK
1053;2017;Guinea;West Africa;11904327;10324668270.88;OK
1054;2018;Guinea;West Africa;12242329;11857030366.46;OK
1055;2019;Guinea;West Africa;12594236;13442861496.57;OK
1056;2020;Guinea;West Africa;12953007;14177835840.83;OK
1057;2021;Guinea;West Africa;13303127;16091817842.23;OK
1058;2022;Guinea;West Africa;13662711;21227749388.73;OK
1059;2000;Guinea-Bissau;West Africa;1189285;371095522.05;OK
1060;2001;Guinea-Bissau;West Africa;1214311;392621389.51;OK
1061;2002;Guinea-Bissau;West Africa;1240892;417806651.12;OK
1062;2003;Guinea-Bissau;West Africa;1268994;477458577.16;OK
1063;2004;Guinea-Bissau;West Africa;1298477;532062894.8;OK
1064;2005;Guinea-Bissau;West Africa;1329341;587029096.03;OK
1065;2006;Guinea-Bissau;West Africa;1361391;592365659.82;OK
1066;2007;Guinea-Bissau;West Africa;1394703;696910784.02;OK
1067;2008;Guinea-Bissau;West Africa;1429337;868154627.87;OK
1068;2009;Guinea-Bissau;West Africa;1465580;830126428.79;OK
1069;2010;Guinea-Bissau;West Africa;1503420;849878489.11;OK
1070;2011;Guinea-Bissau;West Africa;1542965;1099818591.96;OK
1071;2012;Guinea-Bissau;West Africa;1584103;989271155.13;OK
1072;2013;Guinea-Bissau;West Africa;1626798;1046087367.45;OK
1073;2014;Guinea-Bissau;West Africa;1670528;1054915581.37;OK
1074;2015;Guinea-Bissau;West Africa;1715004;1048229633.0;OK
1075;2016;Guinea-Bissau;West Africa;1759944;1179004911.26;OK
1076;2017;Guinea-Bissau;West Africa;1805478;1350177012.25;OK
1077;2018;Guinea-Bissau;West Africa;1851415;1504630233.69;OK
1078;2019;Guinea-Bissau;West Africa;1897802;1439638411.0;OK
1079;2020;Guinea-Bissau;West Africa;1944586;1431758231.68;OK
1080;2021;Guinea-Bissau;West Africa;1991587;1638517606.89;OK
1081;2022;Guinea-Bissau;West Africa;2039724;1633559092.07;OK
1082;2000;Cape Verde;West Africa;424338;539227277.63;OK
1083;2001;Cape Verde;West Africa;431970;563090488.85;OK
1084;2002;Cape Verde;West Africa;439358;620507385.7;OK
1085;2003;Cape Verde;West Africa;446469;813260468.87;OK
1086;2004;Cape Verde;West Africa;453290;924940012.86;OK
1087;2005;Cape Verde;West Africa;459853;972241682.1;OK
1088;2006;Cape Verde;West Africa;466128;1107571459.02;OK
1089;2007;Cape Verde;West Africa;472143;1649621735.41;OK
1090;2008;Cape Verde;West Africa;477972;1959620652.51;OK
1091;2009;Cape Verde;West Africa;483780;1852334581.48;OK
1092;2010;Cape Verde;West Africa;489680;1824751459.69;OK
1093;2011;Cape Verde;West Africa;495777;2046817974.91;OK
1094;2012;Cape Verde;West Africa;502067;1913081206.32;OK
1095;2013;Cape Verde;West Africa;508517;2028910915.16;OK
1096;2014;Cape Verde;West Africa;515035;2041930125.43;OK
1097;2015;Cape Verde;West Africa;521535;1749857628.41;OK
1098;2016;Cape Verde;West Africa;527957;1849789992.74;OK
1099;2017;Cape Verde;West Africa;534346;1996741544.62;OK
1100;2018;Cape Verde;West Africa;540657;2205099509.16;OK
1101;2019;Cape Verde;West Africa;546875;2266752197.43;OK
1102;2020;Cape Verde;West Africa;552979;1878277311.23;OK
1103;2021;Cape Verde;West Africa;559576;2091741774.11;OK
1104;2022;Cape Verde;West Africa;566252;2314816792.06;OK
1105;2000;Ivory Coast;West Africa;16244770;16072000;OK
1106;2001;Ivory Coast;West Africa;16655481;17289000;OK
1107;2002;Ivory Coast;West Africa;17043839;18148000;OK
1108;2003;Ivory Coast;West Africa;17417089;18752000;OK
1109;2004;Ivory Coast;West Africa;17786066;18437000;OK
1110;2005;Ivory Coast;West Africa;18164081;18980000;OK
1111;2006;Ivory Coast;West Africa;18556359;19613000;OK
1112;2007;Ivory Coast;West Africa;18964793;20544000;OK
1113;2008;Ivory Coast;West Africa;19389596;22862000;OK
1114;2009;Ivory Coast;West Africa;19834222;24183000;OK
1115;2010;Ivory Coast;West Africa;20297993;25950000;OK
1116;2011;Ivory Coast;West Africa;20782835;25529000;OK
1117;2012;Ivory Coast;West Africa;21289337;28804000;OK
1118;2013;Ivory Coast;West Africa;21819567;32548000;OK
1119;2014;Ivory Coast;West Africa;22369891;36785000;OK
1120;2015;Ivory Coast;West Africa;22939287;41289000;OK
1121;2016;Ivory Coast;West Africa;23526067;43745000;OK
1122;2017;Ivory Coast;West Africa;24132627;46500000;OK
1123;2018;Ivory Coast;West Africa;24755947;49532000;OK
1124;2019;Ivory Coast;West Africa;25395550;53933000;OK
1125;2020;Ivory Coast;West Africa;26049222;55305000;OK
1126;2021;Ivory Coast;West Africa;26674403;61539000;OK
1127;2022;Ivory Coast;West Africa;27314589;66729000;OK
1128;2000;Liberia;West Africa;2774484;874000000.0;OK
1129;2001;Liberia;West Africa;2901621;906000000.0;OK
1130;2002;Liberia;West Africa;2989618;927000000.0;OK
1131;2003;Liberia;West Africa;3051106;748000000.0;OK
1132;2004;Liberia;West Africa;3106515;897000000.0;OK
1133;2005;Liberia;West Africa;3177223;949000000.0;OK
1134;2006;Liberia;West Africa;3274119;1119000000.0;OK
1135;2007;Liberia;West Africa;3396106;1373000000.0;OK
1136;2008;Liberia;West Africa;3535286;1726000000.0;OK
1137;2009;Liberia;West Africa;3681597;1768000000.0;OK
1138;2010;Liberia;West Africa;3823307;1998000000.0;OK
1139;2011;Liberia;West Africa;3954920;2398000000.0;OK
1140;2012;Liberia;West Africa;4076877;2791614000.0;OK
1141;2013;Liberia;West Africa;4192463;3177198100.0;OK
1142;2014;Liberia;West Africa;4304379;3225652000.0;OK
1143;2015;Liberia;West Africa;4416332;3227075700.0;OK
1144;2016;Liberia;West Africa;4529822;3398419600.0;OK
1145;2017;Liberia;West Africa;4644980;3390703400.0;OK
1146;2018;Liberia;West Africa;4761080;3422754800.0;OK
1147;2019;Liberia;West Africa;4878662;3319596500.0;OK
1148;2020;Liberia;West Africa;4997854;3039982500.0;OK
1149;2021;Liberia;West Africa;5126699;3509000000.0;OK
1150;2022;Liberia;West Africa;5258865;4001047150.0;OK
1151;2000;Mauritania;West Africa;2596088;1779520861.64;KO
1152;2001;Mauritania;West Africa;2666608;1746063580.38;KO
1153;2002;Mauritania;West Africa;2740562;1777057503.06;KO
1154;2003;Mauritania;West Africa;2817948;2051147606.74;KO
1155;2004;Mauritania;West Africa;2898422;2362501023.24;KO
1156;2005;Mauritania;West Africa;2982071;2936019525.6;KO
1157;2006;Mauritania;West Africa;3068413;3919577285.93;KO
1158;2007;Mauritania;West Africa;3157582;4346212411.05;KO
1159;2008;Mauritania;West Africa;3249631;5206437120.95;KO
1160;2009;Mauritania;West Africa;3345222;4714595487.85;KO
1161;2010;Mauritania;West Africa;3444218;5628878865.99;KO
1162;2011;Mauritania;West Africa;3546852;6764627665.69;KO
1163;2012;Mauritania;West Africa;3652895;6728208836.22;KO
1164;2013;Mauritania;West Africa;3762482;7223071177.16;KO
1165;2014;Mauritania;West Africa;3874662;6592537781.82;KO
1166;2015;Mauritania;West Africa;3989073;6166863960.0;KO
1167;2016;Mauritania;West Africa;4105238;6398741855.76;KO
1168;2017;Mauritania;West Africa;4223546;6800138755.35;KO
1169;2018;Mauritania;West Africa;4343443;7473550557.07;KO
1170;2019;Mauritania;West Africa;4465008;8066118984.31;KO
1171;2020;Mauritania;West Africa;4588018;8405498735.74;KO
1172;2021;Mauritania;West Africa;4702076;9996240418.71;KO
1173;2022;Mauritania;West Africa;4818970;10375460680.44;KO
1174;2000;Mali;West Africa;10795522;2961484953.73;OK
1175;2001;Mali;West Africa;11110362;3468337941.09;OK
1176;2002;Mali;West Africa;11445665;3908121309.86;OK
1177;2003;Mali;West Africa;11801294;4714071978.29;OK
1178;2004;Mali;West Africa;12176941;5454249122.71;OK
1179;2005;Mali;West Africa;12573964;6247515892.3;OK
1180;2006;Mali;West Africa;12991202;6905934219.29;OK
1181;2007;Mali;West Africa;13429258;8156468818.01;OK
1182;2008;Mali;West Africa;13883779;9838403090.96;OK
1183;2009;Mali;West Africa;14349425;10231962382.78;OK
1184;2010;Mali;West Africa;14817312;10689168011.44;OK
1185;2011;Mali;West Africa;15283884;12995112698.01;OK
1186;2012;Mali;West Africa;15748313;12442035328.04;OK
1187;2013;Mali;West Africa;16216606;13242690790.06;OK
1188;2014;Mali;West Africa;16694024;14364937127.7;OK
1189;2015;Mali;West Africa;17188566;13104764378.71;OK
1190;2016;Mali;West Africa;17703549;14026048334.21;OK
1191;2017;Mali;West Africa;18241186;15365713059.11;OK
1192;2018;Mali;West Africa;18797415;17070867577.67;OK
1193;2019;Mali;West Africa;19370274;17280250805.22;OK
1194;2020;Mali;West Africa;19956048;17465392779.04;OK
1195;2021;Mali;West Africa;20548743;19309463505.98;OK
1196;2022;Mali;West Africa;21159041;18827176532.32;OK
1197;2000;Niger;West Africa;11131839;2241753192.71;OK
1198;2001;Niger;West Africa;11543188;2448714703.1;OK
1199;2002;Niger;West Africa;11972479;2782192880.69;OK
1200;2003;Niger;West Africa;12420868;3394084731.49;OK
1201;2004;Niger;West Africa;12888254;3760443735.46;OK
1202;2005;Niger;West Africa;13377243;4383315967.5;OK
1203;2006;Niger;West Africa;13886356;4756361253.33;OK
1204;2007;Niger;West Africa;14416912;5731485046.09;OK
1205;2008;Niger;West Africa;14969704;7297600218.92;OK
1206;2009;Niger;West Africa;15549456;7352131304.4;OK
1207;2010;Niger;West Africa;16156130;7851192498.77;OK
1208;2011;Niger;West Africa;16792072;8772950783.02;OK
1209;2012;Niger;West Africa;17456849;9426912639.2;OK
1210;2013;Niger;West Africa;18152662;10224897440.92;OK
1211;2014;Niger;West Africa;18875259;10862943546.29;OK
1212;2015;Niger;West Africa;19624052;9683867926.73;OK
1213;2016;Niger;West Africa;20397377;10398861980.65;OK
1214;2017;Niger;West Africa;21198932;11185101444.37;OK
1215;2018;Niger;West Africa;22026063;12808661487.4;OK
1216;2019;Niger;West Africa;22880342;12916454870.55;OK
1217;2020;Niger;West Africa;23761125;13744174582.25;OK
1218;2021;Niger;West Africa;24708243;14915002098.5;OK
1219;2022;Niger;West Africa;25693114;13969605582.52;OK
1220;2000;Nigeria;West Africa;120780216;69448962760.88;OK
1221;2001;Nigeria;West Africa;123851731;74030562269.97;OK
1222;2002;Nigeria;West Africa;127008222;95054094655.33;OK
1223;2003;Nigeria;West Africa;130261937;104738980156.96;OK
1224;2004;Nigeria;West Africa;133619871;135764715375.21;OK
1225;2005;Nigeria;West Africa;137107284;175670536601.01;OK
1226;2006;Nigeria;West Africa;140716755;238454952231.57;OK
1227;2007;Nigeria;West Africa;144454761;278260808841.03;OK
1228;2008;Nigeria;West Africa;148315533;339476215683.59;OK
1229;2009;Nigeria;West Africa;152313946;295008767295.04;OK
1230;2010;Nigeria;West Africa;156431242;366990528103.08;OK
1231;2011;Nigeria;West Africa;160671820;414466540786.74;OK
1232;2012;Nigeria;West Africa;165029028;463971000388.61;OK
1233;2013;Nigeria;West Africa;169515956;520117163617.72;OK
1234;2014;Nigeria;West Africa;174104440;574183825592.36;OK
1235;2015;Nigeria;West Africa;178790641;493026782401.56;OK
1236;2016;Nigeria;West Africa;183562026;404649048648.03;OK
1237;2017;Nigeria;West Africa;188436936;375745732274.68;OK
1238;2018;Nigeria;West Africa;193394520;421739210176.15;OK
1239;2019;Nigeria;West Africa;198440057;474517470742.75;OK
1240;2020;Nigeria;West Africa;203565737;432198936002.18;OK
1241;2021;Nigeria;West Africa;208994835;440833583992.49;OK
1242;2022;Nigeria;West Africa;214568727;477386120635.84;OK
1266;2000;Senegal;West Africa;9683850;6013185003.71;OK
1267;2001;Senegal;West Africa;9917896;6507824826.95;OK
1268;2002;Senegal;West Africa;10160916;7006402324.85;OK
1269;2003;Senegal;West Africa;10413641;8768721560.57;OK
1270;2004;Senegal;West Africa;10676512;10076816661.05;OK
1271;2005;Senegal;West Africa;10951255;11009033445.25;OK
1272;2006;Senegal;West Africa;11237398;11697918245.35;OK
1273;2007;Senegal;West Africa;11535928;13994218399.03;OK
1274;2008;Senegal;West Africa;11846757;16853989611.19;OK
1275;2009;Senegal;West Africa;12171254;16145867483.22;OK
1276;2010;Senegal;West Africa;12508027;16121315901.81;OK
1277;2011;Senegal;West Africa;12857440;17814283649.94;OK
1278;2012;Senegal;West Africa;13218908;17660870395.81;OK
1279;2013;Senegal;West Africa;13593773;18918667730.54;OK
1280;2014;Senegal;West Africa;13980197;19797253445.27;OK
1281;2015;Senegal;West Africa;14378254;17774766696.7;OK
1282;2016;Senegal;West Africa;14787116;19040312331.16;OK
1283;2017;Senegal;West Africa;15208184;20996562958.5;OK
1284;2018;Senegal;West Africa;15638627;23116701539.56;OK
1285;2019;Senegal;West Africa;16077160;23403995984.93;OK
1286;2020;Senegal;West Africa;16521369;24530513058.59;OK
1287;2021;Senegal;West Africa;17032705;27569136728.26;OK
1288;2022;Senegal;West Africa;17559867;27684430244.49;OK
1289;2000;Sierra Leone;West Africa;4523806;635874002.2;OK
1290;2001;Sierra Leone;West Africa;4670016;1074851475.18;OK
1291;2002;Sierra Leone;West Africa;4860790;1236235826.58;OK
1292;2003;Sierra Leone;West Africa;5084389;1369685676.56;OK
1293;2004;Sierra Leone;West Africa;5318171;1430217080.66;OK
1294;2005;Sierra Leone;West Africa;5540682;1627058706.48;OK
1295;2006;Sierra Leone;West Africa;5738189;1862116164.8;OK
1296;2007;Sierra Leone;West Africa;5910100;2126679686.07;OK
1297;2008;Sierra Leone;West Africa;6062013;2451896681.91;OK
1298;2009;Sierra Leone;West Africa;6203739;2419014960.2;OK
1299;2010;Sierra Leone;West Africa;6344773;2578159479.9;OK
1300;2011;Sierra Leone;West Africa;6490044;2932274241.97;OK
1301;2012;Sierra Leone;West Africa;6638320;3789251962.28;OK
1302;2013;Sierra Leone;West Africa;6788903;4920343203.3;OK
1303;2014;Sierra Leone;West Africa;6941193;5015180836.19;OK
1304;2015;Sierra Leone;West Africa;7095167;4252029353.82;OK
1305;2016;Sierra Leone;West Africa;7250806;3862721204.61;OK
1306;2017;Sierra Leone;West Africa;7409292;3719443317.52;OK
1307;2018;Sierra Leone;West Africa;7569953;4085114542.07;OK
1308;2019;Sierra Leone;West Africa;7732348;4076578653.55;OK
1309;2020;Sierra Leone;West Africa;7895543;4062906363.56;OK
1310;2021;Sierra Leone;West Africa;8070429;4249234573.99;OK
1311;2022;Sierra Leone;West Africa;8249189;3970343852.32;OK
1312;2000;Togo;West Africa;4852824;2027363116.95;OK
1313;2001;Togo;West Africa;4994056;2014516700.53;OK
1314;2002;Togo;West Africa;5130358;2319268823.41;OK
1315;2003;Togo;West Africa;5264383;2875255592.54;OK
1316;2004;Togo;West Africa;5399574;3071152629.3;OK
1317;2005;Togo;West Africa;5540298;3100356551.93;OK
1318;2006;Togo;West Africa;5687884;3195618966.31;OK
1319;2007;Togo;West Africa;5842268;3618281293.08;OK
1320;2008;Togo;West Africa;6002334;4516616223.91;OK
1321;2009;Togo;West Africa;6167817;4592147227.91;OK
1322;2010;Togo;West Africa;6336959;4660369658.37;OK
1323;2011;Togo;West Africa;6509523;5262368232.3;OK
1324;2012;Togo;West Africa;6685359;5263522037.23;OK
1325;2013;Togo;West Africa;6865007;5872790935.49;OK
1326;2014;Togo;West Africa;7047112;6217047648.64;OK
1327;2015;Togo;West Africa;7231340;5681469374.1;OK
1328;2016;Togo;West Africa;7417067;6031632014.86;OK
1329;2017;Togo;West Africa;7604989;6395472028.24;OK
1330;2018;Togo;West Africa;7794569;7029217931.75;OK
1331;2019;Togo;West Africa;7986521;6992656428.94;OK
1332;2020;Togo;West Africa;8181085;7389329392.77;OK
1333;2021;Togo;West Africa;8399356;8334047485.51;OK
1334;2022;Togo;West Africa;8623451;8126439480.61;OK
